{
    "X-axis": {
        "Vector": [
            0.9722271013533387,
            0.01749363516222615,
            0.008555020564924009
        ]
    },
    "Y-axis": {
        "Vector": [
            0.020889153925424238,
            -0.9789233138477806,
            -0.00894270010892782
        ]
    },
    "Z-axis": {
        "Vector": [
            0.0263580479620496,
            0.0002676078462214168,
            1.0217235246858578
        ]
    },
    "A-axis": {
        "Rotation_vector": [
            0.04943914594604968,
            -0.9984908643147214,
            -0.009925724555591039
        ],
        "Radius": 168.34248064862152,
        "Angle_correction": [
            0.8741402364084507,
            1.7463536840653333
        ]
    },
    "B-axis": {
        "Angle_correction": [
            1.0502637450026957,
            0.0007375377223297619
        ],
        "Rotation_vector": [
            -0.5896873428446039,
            -0.027407208903535672,
            -0.8071659512937241
        ]
    },
    "Nominal": {
        "Requested_location": [
            [
                0.0,
                0.0,
                180.0,
                30.0,
                0.0
            ]
        ],
        "R": [
            -0.9349670231573525,
            -0.016469458634757066,
            -2.9128745215983853
        ],
        "T": [
            76.64259427459974,
            71.30540410994557,
            504.021133122877
        ],
        "Loc": [
            315.38772932256256,
            0.0181736095717131,
            426.6464527806426
        ],
        "Radius": 530.5625465558488
    },
    "Offset": {
        "Rotation": [
            0.0018875210013954795,
            -0.003745088734242839,
            -0.0010512147888829906
        ],
        "Translation": [
            410.2538811029671,
            -0.09850389952838354,
            107.009290438114
        ]
    },
    "Elevation": [
        1.0177129047648563,
        0.41787099945789663
    ]
}