{
    "X-axis": {
        "Vector": [
            -0.40535993371450924,
            -0.007657170850058031,
            0.013094312342094686
        ]
    },
    "Y-axis": {
        "Vector": [
            -0.04743177980857359,
            1.0157779978063362,
            0.02456857377550775
        ]
    },
    "Z-axis": {
        "Vector": [
            0.10496128686144693,
            0.17633500093273088,
            0.9806019433228297
        ]
    },
    "A-axis": {
        "Rotation_vector": [
            -0.9671794242099827,
            0.04780168681856886,
            -0.04447431237705066
        ],
        "Radius": 2204.229402271801,
        "Angle_correction": [
            -0.4555662749899696,
            -2.199926115180002
        ]
    },
    "B-axis": {
        "Angle_correction": [
            0.2271808888161564,
            2.367430328705195
        ],
        "Rotation_vector": [
            0.025886712244216684,
            -0.7625607808810568,
            0.6461983315517388
        ]
    },
    "Nominal": {
        "Requested_location": [
            [
                0.0,
                0.0,
                0.0,
                15.0,
                0.0
            ]
        ],
        "R": [
            -0.039019068016589414,
            1.3028796024550615,
            -2.8354824491597053
        ],
        "T": [
            55.566065479828815,
            -20.13465038784819,
            459.5983348136313
        ],
        "Loc": [
            -322.9812721439959,
            -1.685610615183979,
            302.205342828355
        ],
        "Radius": 442.3209385422575
    },
    "Offset": {
        "Rotation": [
            -0.09569742722695797,
            0.2309419936956815,
            -0.19784142195998355
        ],
        "Translation": [
            1281.385774531398,
            -2.9832114686274807,
            1810.7075715698606
        ]
    },
    "Elevation": [
        3.6525261463816037,
        0.11283603398694808
    ]
}