{
    "camera_00": {
        "intrinsic": [
            [
                10922.158839166897,
                0.0,
                2607.9968974477065
            ],
            [
                0.0,
                10922.158839166897,
                1803.7356673505972
            ],
            [
                0.0,
                0.0,
                1.0
            ]
        ],
        "distortion": [
            [
                0.09990869674975174,
                -0.7870427658238442,
                -0.000693516796840974,
                -0.0034129833780073573,
                2.47283422854745
            ]
        ]
    },
    "camera_01": {
        "intrinsic": [
            [
                11093.516156967667,
                0.0,
                2682.2054180593886
            ],
            [
                0.0,
                11093.516156967667,
                1805.783294465837
            ],
            [
                0.0,
                0.0,
                1.0
            ]
        ],
        "distortion": [
            [
                0.08642772577827505,
                -0.3362805037962263,
                -0.0004999455372867499,
                -0.003073211639111979,
                -2.7147218479420134
            ]
        ]
    },
    "stereo": {
        "rotation": [
            [
                0.8150334340128744,
                0.0021716358609233165,
                0.5794098596320819
            ],
            [
                -0.0034373624131201577,
                0.9999935012296253,
                0.0010872157818501574
            ],
            [
                -0.5794037331436709,
                -0.0028777588854848714,
                0.8150356019972225
            ]
        ],
        "translation": [
            [
                -256.9302109443179
            ],
            [
                1.0121995792092293
            ],
            [
                56.586325931792445
            ]
        ],
        "fundamental": [
            [
                7.437041662478928e-10,
                1.0737038335979284e-07,
                -0.0002114288307663305
            ],
            [
                1.9494891893856394e-07,
                1.1697292750881264e-09,
                -0.005529629048299891
            ],
            [
                -0.00035525499556587594,
                0.00511792417164418,
                1.0
            ]
        ]
    }
}